<keymap version="1" name="VSCode (macOS) copy" parent="VSCode OSX">
  <action id="CommentByBlockComment">
    <keyboard-shortcut first-keystroke="shift meta colon" />
  </action>
  <action id="CommentByLineComment">
    <keyboard-shortcut first-keystroke="meta k" second-keystroke="meta c" />
    <keyboard-shortcut first-keystroke="meta k" second-keystroke="meta u" />
    <keyboard-shortcut first-keystroke="meta colon" />
  </action>
  <action id="ContextHelp" />
  <action id="GotoAction">
    <keyboard-shortcut first-keystroke="f1" />
    <keyboard-shortcut first-keystroke="shift meta a" />
  </action>
  <action id="GotoFile">
    <keyboard-shortcut first-keystroke="shift meta p" />
  </action>
  <action id="Help.KeymapReference" />
  <action id="RecentFiles">
    <keyboard-shortcut first-keystroke="meta p" />
  </action>
  <action id="Vcs.Push">
    <keyboard-shortcut first-keystroke="shift alt p" />
  </action>
  <action id="hg4idea.QPushAction" />
</keymap>